Workbook

Sheet Datenquelle
A1: Country | B1: League | C1: Season | D1: Date | E1: Time | F1: Home | G1: Away | H1: HG | I1: AG | J1: Res | K1: PSCH | L1: PSCD | M1: PSCA | N1: MaxCH | O1: MaxCD | P1: MaxCA | Q1: AvgCH | R1: AvgCD | S1: AvgCA | T1: BFECH | U1: BFECD | V1: BFECA | W1: B365CH | X1: B365CD | Y1: B365CA
A2: Austria | B2: Bundesliga | C2: 2012/2013 | D2: 41111 | E2: 0.625 | F2: Sturm Graz | G2: Salzburg | H2: 0 | I2: 2 | J2: A | K2: 326 | L2: 334 | M2: 24 | N2: 326 | O2: 34 | P2: 25 | Q2: 296 | R2: 32 | S2: 233
A3: Austria | B3: Bundesliga | C3: 2012/2013 | D3: 41111 | E3: 0.72916667 | F3: Mattersburg | G3: Neustadt | H3: 2 | I3: 0 | J3: H | K3: 179 | L3: 381 | M3: 5 | N3: 19 | O3: 381 | P3: 5 | Q3: 177 | R3: 351 | S3: 433
A4: Austria | B4: Bundesliga | C4: 2012/2013 | D4: 41111 | E4: 0.72916667 | F4: SK Rapid | G4: Wacker Innsbruck | H4: 4 | I4: 0 | J4: H | K4: 15 | L4: 446 | M4: 772 | N4: 15 | O4: 446 | P4: 809 | Q4: 145 | R4: 409 | S4: 709
A5: Austria | B5: Bundesliga | C5: 2012/2013 | D5: 41112 | E5: 0.625 | F5: Admira | G5: Ried | H5: 0 | I5: 2 | J5: A | K5: 218 | L5: 351 | M5: 361 | N5: 218 | O5: 351 | P5: 377 | Q5: 212 | R5: 329 | S5: 332
A6: Austria | B6: Bundesliga | C6: 2012/2013 | D6: 41115 | E6: 0.72916667 | F6: Wolfsberger AC | G6: Austria Vienna | H6: 0 | I6: 1 | J6: A | K6: 383 | L6: 362 | M6: 206 | N6: 383 | O6: 362 | P6: 21 | Q6: 353 | R6: 328 | S6: 2
A7: Austria | B7: Bundesliga | C7: 2012/2013 | D7: 41118 | E7: 0.72916667 | F7: Austria Vienna | G7: Sturm Graz | H7: 0 | I7: 1 | J7: A | K7: 212 | L7: 342 | M7: 391 | N7: 215 | O7: 36 | P7: 403 | Q7: 199 | R7: 329 | S7: 367
A8: Austria | B8: Bundesliga | C8: 2012/2013 | D8: 41118 | E8: 0.72916667 | F8: Neustadt | G8: SK Rapid | H8: 0 | I8: 1 | J8: A | K8: 638 | L8: 413 | M8: 161 | N8: 675 | O8: 413 | P8: 17 | Q8: 58 | R8: 371 | S8: 157
A9: Austria | B9: Bundesliga | C9: 2012/2013 | D9: 41118 | E9: 0.72916667 | F9: Salzburg | G9: Mattersburg | H9: 3 | I9: 2 | J9: H | K9: 14 | L9: 484 | M9: 951 | N9: 14 | O9: 505 | P9: 10 | Q9: 136 | R9: 452 | S9: 839
A10: Austria | B10: Bundesliga | C10: 2012/2013 | D10: 41119 | E10: 0.625 | F10: Wacker Innsbruck | G10: Admira | H10: 1 | I10: 2 | J10: A | K10: 244 | L10: 352 | M10: 308 | N10: 244 | O10: 353 | P10: 335 | Q10: 222 | R10: 327 | S10: 309
A11: Austria | B11: Bundesliga | C11: 2012/2013 | D11: 41119 | E11: 0.72916667 | F11: Ried | G11: Wolfsberger AC | H11: 0 | I11: 2 | J11: A | K11: 151 | L11: 437 | M11: 778 | N11: 175 | O11: 437 | P11: 778 | Q11: 153 | R11: 38 | S11: 616
A12: Austria | B12: Bundesliga | C12: 2012/2013 | D12: 41125 | E12: 0.72916667 | F12: Wolfsberger AC | G12: Salzburg | H12: 0 | I12: 2 | J12: A | K12: 578 | L12: 382 | M12: 171 | N12: 578 | O12: 382 | P12: 175 | Q12: 492 | R12: 363 | S12: 166
A13: Austria | B13: Bundesliga | C13: 2012/2013 | D13: 41125 | E13: 0.72916667 | F13: Mattersburg | G13: Sturm Graz | H13: 3 | I13: 1 | J13: H | K13: 264 | L13: 327 | M13: 296 | N13: 267 | O13: 332 | P13: 303 | Q13: 252 | R13: 318 | S13: 271
... A329: Austria | B329: Bundesliga | C329: 2013/2014 | D329: 41727 | E329: 0.75 | F329: Admira | G329: Grodig | H329: 4 | I329: 0 | J329: H | K329: 229 | L329: 368 | M329: 315 | N329: 23 | O329: 375 | P329: 34 | Q329: 216 | R329: 338 | S329: 32
A330: Austria | B330: Bundesliga | C330: 2013/2014 | D330: 41727 | E330: 0.75 | F330: Salzburg | G330: Wacker Innsbruck | H330: 0 | I330: 0 | J330: D | N330: 115 | O330: 14 | P330: 41 | Q330: 108 | R330: 1028 | S330: 2157
A331: Austria | B331: Bundesliga | C331: 2013/2014 | D331: 41728 | E331: 0.64583333 | F331: Ried | G331: Austria Vienna | H331: 2 | I331: 2 | J331: D | K331: 365 | L331: 352 | M331: 214 | N331: 405 | O331: 365 | P331: 22 | Q331: 354 | R331: 336 | S331: 204
A332: Austria | B332: Bundesliga | C332: 2013/2014 | D332: 41734 | E332: 0.64583333 | F332: Grodig | G332: Salzburg | H332: 1 | I332: 3 | J332: A | K332: 1017 | L332: 632 | M332: 13 | N332: 1017 | O332: 632 | P332: 15 | Q332: 842 | R332: 528 | S332: 132
A333: Austria | B333: Bundesliga | C333: 2013/2014 | D333: 41734 | E333: 0.75 | F333: Neustadt | G333: Ried | H333: 1 | I333: 1 | J333: D | K333: 265 | L333: 341 | M333: 283 | N333: 31 | O333: 342 | P333: 285 | Q333: 264 | R333: 33 | S333: 258
A334: Austria | B334: Bundesliga | C334: 2013/2014 | D334: 41734 | E334: 0.75 | F334: Sturm Graz | G334: Admira | H334: 1 | I334: 1 | J334: D | K334: 199 | L334: 364 | M334: 404 | N334: 218 | O334: 364 | P334: 404 | Q334: 204 | R334: 336 | S334: 355
A335: Austria | B335: Bundesliga | C335: 2013/2014 | D335: 41734 | E335: 0.75 | F335: Wacker Innsbruck | G335: Wolfsberger AC | H335: 0 | I335: 1 | J335: A | K335: 253 | L335: 348 | M335: 292 | N335: 255 | O335: 35 | P335: 295 | Q335: 243 | R335: 328 | S335: 282
A336: Austria | B336: Bundesliga | C336: 2013/2014 | D336: 41735 | E336: 0.58333333 | F336: Austria Vienna | G336: SK Rapid | H336: 0 | I336: 1 | J336: A | K336: 264 | L336: 326 | M336: 294 | N336: 267 | O336: 355 | P336: 32 | Q336: 247 | R336: 317 | S336: 286
A337: Austria | B337: Bundesliga | C337: 2013/2014 | D337: 41741 | E337: 0.64583333 | F337: Salzburg | G337: Sturm Graz | H337: 1 | I337: 2 | J337: A | K337: 125 | L337: 676 | M337: 1297 | N337: 125 | O337: 7 | P337: 14 | Q337: 121 | R337: 621 | S337: 1198
A338: Austria | B338: Bundesliga | C338: 2013/2014 | D338: 41741 | E338: 0.75 | F338: Wolfsberger AC | G338: Grodig | H338: 1 | I338: 2 | J338: A | K338: 204 | L338: 366 | M338: 382 | N338: 22 | O338: 366 | P338: 382 | Q338: 206 | R338: 345 | S338: 338
A339: Austria | B339: Bundesliga | C339: 2013/2014 | D339: 41741 | E339: 0.75 | F339: SK Rapid | G339: Admira | H339: 0 | I339: 0 | J339: D | K339: 162 | L339: 412 | M339: 603 | N339: 164 | O339: 425 | P339: 64 | Q339: 16 | R339: 388 | S339: 534
A340: Austria | B340: Bundesliga | C340: 2013/2014 | D340: 41741 | E340: 0.75 | F340: Ried | G340: Wacker Innsbruck | H340: 1 | I340: 2 | J340: A | K340: 186 | L340: 377 | M340: 451 | N340: 195 | O340: 385 | P340: 46 | Q340: 18 | R340: 363 | S340: 416
A341: Austria | B341: Bundesliga | C341: 2013/2014 | D341: 41742 | E341: 0.64583333 | F341: Neustadt | G341: Austria Vienna | H341: 0 | I341: 2 | J341: A | K341: 474 | L341: 38 | M341: 181 | N341: 53 | O341: 42 | P341: 186 | Q341: 432 | R341: 364 | S341: 177
A342: Austria | B342: Bundesliga | C342: 2013/2014 | D342: 41748 | E342: 0.64583333 | F342: Austria Vienna | G342: Wolfsberger AC | H342: 3 | I342: 1 | J342: H | K342: 145 | L342: 489 | M342: 778 | N342: 151 | O342: 49 | P342: 778 | Q342: 145 | R342: 435 | S342: 671
... A415: Austria | B415: Bundesliga | C415: 2014/2015 | D415: 41917 | E415: 0.64583333 | F415: Ried | G415: SK Rapid | H415: 1 | I415: 2 | J415: A | K415: 388 | L415: 362 | M415: 204 | N415: 39 | O415: 375 | P415: 215 | Q415: 344 | R415: 344 | S415: 204
A416: Austria | B416: Bundesliga | C416: 2014/2015 | D416: 41917 | E416: 0.75 | F416: Salzburg | G416: Neustadt | H416: 4 | I416: 1 | J416: H | N416: 108 | O416: 17 | P416: 43 | Q416: 106 | R416: 118 | S416: 2271
A417: Austria | B417: Bundesliga | C417: 2014/2015 | D417: 41930 | E417: 0.625 | F417: Salzburg | G417: Ried | H417: 4 | I417: 2 | J417: H | K417: 113 | L417: 1092 | M417: 18 | N417: 114 | O417: 12 | P417: 26 | Q417: 111 | R417: 881 | S417: 1702
A418: Austria | B418: Bundesliga | C418: 2014/2015 | D418: 41930 | E418: 0.72916667 | F418: Wolfsberger AC | G418: Grodig | H418: 1 | I418: 2 | J418: A | K418: 188 | L418: 387 | M418: 427 | N418: 191 | O418: 395 | P418: 5 | Q418: 181 | R418: 362 | S418: 411
A419: Austria | B419: Bundesliga | C419: 2014/2015 | D419: 41930 | E419: 0.72916667 | F419: Altach | G419: Austria Vienna | H419: 1 | I419: 1 | J419: D | K419: 32 | L419: 351 | M419: 233 | N419: 32 | O419: 355 | P419: 245 | Q419: 296 | R419: 331 | S419: 231
A420: Austria | B420: Bundesliga | C420: 2014/2015 | D420: 41930 | E420: 0.72916667 | F420: SK Rapid | G420: Admira | H420: 0 | I420: 0 | J420: D | K420: 152 | L420: 451 | M420: 681 | N420: 152 | O420: 485 | P420: 77 | Q420: 147 | R420: 424 | S420: 65
A421: Austria | B421: Bundesliga | C421: 2014/2015 | D421: 41931 | E421: 0.64583333 | F421: Neustadt | G421: Sturm Graz | H421: 0 | I421: 0 | J421: D | K421: 367 | L421: 363 | M421: 209 | N421: 395 | O421: 375 | P421: 211 | Q421: 353 | R421: 348 | S421: 2
A422: Austria | B422: Bundesliga | C422: 2014/2015 | D422: 41937 | E422: 0.625 | F422: Sturm Graz | G422: SK Rapid | H422: 1 | I422: 3 | J422: A | K422: 316 | L422: 334 | M422: 244 | N422: 316 | O422: 34 | P422: 26 | Q422: 288 | R422: 32 | S422: 242
A423: Austria | B423: Bundesliga | C423: 2014/2015 | D423: 41937 | E423: 0.72916667 | F423: Wolfsberger AC | G423: Altach | H423: 0 | I423: 0 | J423: D | K423: 191 | L423: 377 | M423: 423 | N423: 2 | O423: 377 | P423: 425 | Q423: 189 | R423: 351 | S423: 388
A424: Austria | B424: Bundesliga | C424: 2014/2015 | D424: 41937 | E424: 0.72916667 | F424: Admira | G424: Ried | H424: 0 | I424: 0 | J424: D | K424: 248 | L424: 343 | M424: 304 | N424: 248 | O424: 36 | P424: 32 | Q424: 229 | R424: 333 | S424: 299
A425: Austria | B425: Bundesliga | C425: 2014/2015 | D425: 41937 | E425: 0.72916667 | F425: Austria Vienna | G425: Neustadt | H425: 2 | I425: 0 | J425: H | K425: 139 | L425: 542 | M425: 841 | N425: 14 | O425: 56 | P425: 94 | Q425: 136 | R425: 494 | S425: 741
A426: Austria | B426: Bundesliga | C426: 2014/2015 | D426: 41938 | E426: 0.64583333 | F426: Grodig | G426: Salzburg | H426: 2 | I426: 2 | J426: D | K426: 87 | L426: 582 | M426: 135 | N426: 10 | O426: 64 | P426: 137 | Q426: 769 | R426: 533 | S426: 133
A427: Austria | B427: Bundesliga | C427: 2014/2015 | D427: 41944 | E427: 0.625 | F427: Austria Vienna | G427: Sturm Graz | H427: 0 | I427: 3 | J427: A | K427: 198 | L427: 356 | M427: 417 | N427: 204 | O427: 37 | P427: 45 | Q427: 189 | R427: 342 | S427: 405
A428: Austria | B428: Bundesliga | C428: 2014/2015 | D428: 41944 | E428: 0.72916667 | F428: Ried | G428: Wolfsberger AC | H428: 1 | I428: 0 | J428: H | K428: 249 | L428: 354 | M428: 298 | N428: 25 | O428: 37 | P428: 316 | Q428: 238 | R428: 332 | S428: 287
... A519: Austria | B519: Bundesliga | C519: 2014/2015 | D519: 42133 | E519: 0.72916667 | F519: Ried | G519: Wolfsberger AC | H519: 4 | I519: 0 | J519: H | K519: 201 | L519: 391 | M519: 362 | N519: 21 | O519: 396 | P519: 38 | Q519: 198 | R519: 354 | S519: 354
A520: Austria | B520: Bundesliga | C520: 2014/2015 | D520: 42133 | E520: 0.72916667 | F520: Salzburg | G520: Admira | H520: 4 | I520: 0 | J520: H | N520: 113 | O520: 12 | P520: 271 | Q520: 111 | R520: 869 | S520: 1934
A521: Austria | B521: Bundesliga | C521: 2014/2015 | D521: 42134 | E521: 0.64583333 | F521: Altach | G521: SK Rapid | H521: 1 | I521: 3 | J521: A | K521: 517 | L521: 415 | M521: 169 | N521: 52 | O521: 415 | P521: 19 | Q521: 463 | R521: 379 | S521: 17
A522: Austria | B522: Bundesliga | C522: 2014/2015 | D522: 42140 | E522: 0.625 | F522: Altach | G522: Salzburg | H522: 2 | I522: 2 | J522: D | K522: 772 | L522: 59 | M522: 138 | N522: 11 | O522: 64 | P522: 138 | Q522: 846 | R522: 541 | S522: 131
A523: Austria | B523: Bundesliga | C523: 2014/2015 | D523: 42140 | E523: 0.72916667 | F523: Wolfsberger AC | G523: Sturm Graz | H523: 1 | I523: 0 | J523: H | K523: 321 | L523: 356 | M523: 231 | N523: 322 | O523: 385 | P523: 244 | Q523: 302 | R523: 339 | S523: 225
A524: Austria | B524: Bundesliga | C524: 2014/2015 | D524: 42140 | E524: 0.72916667 | F524: Admira | G524: Neustadt | H524: 0 | I524: 0 | J524: D | K524: 165 | L524: 428 | M524: 535 | N524: 173 | O524: 428 | P524: 575 | Q524: 165 | R524: 391 | S524: 481
A525: Austria | B525: Bundesliga | C525: 2014/2015 | D525: 42140 | E525: 0.72916667 | F525: Grodig | G525: Ried | H525: 3 | I525: 2 | J525: H | K525: 285 | L525: 354 | M525: 255 | N525: 286 | O525: 36 | P525: 265 | Q525: 268 | R525: 337 | S525: 249
A526: Austria | B526: Bundesliga | C526: 2014/2015 | D526: 42141 | E526: 0.64583333 | F526: SK Rapid | G526: Austria Vienna | H526: 4 | I526: 1 | J526: H | K526: 17 | L526: 408 | M526: 522 | N526: 17 | O526: 41 | P526: 553 | Q526: 164 | R526: 385 | S526: 502
A527: Austria | B527: Bundesliga | C527: 2014/2015 | D527: 42143 | E527: 0.75 | F527: Ried | G527: Altach | H527: 4 | I527: 1 | J527: H | K527: 239 | L527: 376 | M527: 294 | N527: 242 | O527: 38 | P527: 304 | Q527: 228 | R527: 348 | S527: 289
A528: Austria | B528: Bundesliga | C528: 2014/2015 | D528: 42144 | E528: 0.8125 | F528: Austria Vienna | G528: Admira | H528: 0 | I528: 1 | J528: A | K528: 195 | L528: 381 | M528: 399 | N528: 197 | O528: 39 | P528: 42 | Q528: 188 | R528: 36 | S528: 382
A529: Austria | B529: Bundesliga | C529: 2014/2015 | D529: 42144 | E529: 0.8125 | F529: Neustadt | G529: Wolfsberger AC | H529: 2 | I529: 0 | J529: H | K529: 279 | L529: 365 | M529: 255 | N529: 298 | O529: 375 | P529: 259 | Q529: 276 | R529: 342 | S529: 24
A530: Austria | B530: Bundesliga | C530: 2014/2015 | D530: 42144 | E530: 0.8125 | F530: Sturm Graz | G530: Salzburg | H530: 0 | I530: 0 | J530: D | K530: 443 | L530: 409 | M530: 179 | N530: 475 | O530: 41 | P530: 189 | Q530: 418 | R530: 373 | S530: 178
A531: Austria | B531: Bundesliga | C531: 2014/2015 | D531: 42148 | E531: 0.69791667 | F531: Admira | G531: Sturm Graz | H531: 1 | I531: 2 | J531: A | K531: 289 | L531: 331 | M531: 266 | N531: 3 | O531: 35 | P531: 266 | Q531: 28 | R531: 325 | S531: 246
A532: Austria | B532: Bundesliga | C532: 2014/2015 | D532: 42148 | E532: 0.69791667 | F532: Altach | G532: Grodig | H532: 2 | I532: 0 | J532: H | K532: 172 | L532: 434 | M532: 46 | N532: 175 | O532: 44 | P532: 475 | Q532: 171 | R532: 389 | S532: 439
... A2255: Austria | B2255: Bundesliga | C2255: 2023/2024 | D2255: 45440 | E2255: 0.75 | F2255: Hartberg | G2255: Austria Vienna | H2255: 0 | I2255: 1 | J2255: A | K2255: 259 | L2255: 38 | M2255: 261 | N2255: 259 | O2255: 38 | P2255: 275 | Q2255: 246 | R2255: 367 | S2255: 257
A2256: Austria | B2256: Bundesliga | C2256: 2024/2025 | D2256: 45506 | E2256: 0.8125 | F2256: Grazer AK | G2256: Salzburg | H2256: 2 | I2256: 3 | J2256: A | K2256: 949 | L2256: 597 | M2256: 13 | N2256: 964 | O2256: 635 | P2256: 131 | Q2256: 882 | R2256: 586 | S2256: 128 | T2256: 10 | U2256: 6 | V2256: 1.34
A2257: Austria | B2257: Bundesliga | C2257: 2024/2025 | D2257: 45507 | E2257: 0.66666667 | F2257: Altach | G2257: Tirol | H2257: 1 | I2257: 2 | J2257: A | K2257: 193 | L2257: 359 | M2257: 423 | N2257: 194 | O2257: 376 | P2257: 423 | Q2257: 188 | R2257: 35 | S2257: 401 | T2257: 1.97 | U2257: 3.6 | V2257: 4.4
A2258: Austria | B2258: Bundesliga | C2258: 2024/2025 | D2258: 45507 | E2258: 0.66666667 | F2258: Hartberg | G2258: LASK | H2258: 1 | I2258: 2 | J2258: A | K2258: 341 | L2258: 368 | M2258: 213 | N2258: 341 | O2258: 378 | P2258: 214 | Q2258: 327 | R2258: 358 | S2258: 208 | T2258: 3.5 | U2258: 3.75 | V2258: 2.18
A2259: Austria | B2259: Bundesliga | C2259: 2024/2025 | D2259: 45507 | E2259: 0.77083333 | F2259: Wolfsberger AC | G2259: A. Klagenfurt | H2259: 4 | I2259: 1 | J2259: H | K2259: 185 | L2259: 397 | M2259: 412 | N2259: 19 | O2259: 402 | P2259: 412 | Q2259: 182 | R2259: 38 | S2259: 393 | T2259: 1.91 | U2259: 3.95 | V2259: 4.2
A2260: Austria | B2260: Bundesliga | C2260: 2024/2025 | D2260: 45508 | E2260: 0.66666667 | F2260: BW Linz | G2260: Austria Vienna | H2260: 1 | I2260: 0 | J2260: H | K2260: 256 | L2260: 362 | M2260: 273 | N2260: 269 | O2260: 364 | P2260: 3 | Q2260: 244 | R2260: 345 | S2260: 273 | T2260: 2.6 | U2260: 3.65 | V2260: 2.84
A2261: Austria | B2261: Bundesliga | C2261: 2024/2025 | D2261: 45508 | E2261: 0.66666667 | F2261: SK Rapid | G2261: Sturm Graz | H2261: 1 | I2261: 0 | J2261: H | K2261: 287 | L2261: 358 | M2261: 247 | N2261: 3 | O2261: 358 | P2261: 248 | Q2261: 282 | R2261: 342 | S2261: 239 | T2261: 3 | U2261: 3.55 | V2261: 2.54
A2262: Austria | B2262: Bundesliga | C2262: 2024/2025 | D2262: 45514 | E2262: 0.66666667 | F2262: LASK | G2262: Altach | H2262: 1 | I2262: 2 | J2262: A | K2262: 168 | L2262: 397 | M2262: 522 | N2262: 17 | O2262: 41 | P2262: 586 | Q2262: 164 | R2262: 388 | S2262: 508 | T2262: 1.7 | U2262: 4.1 | V2262: 5.6
A2263: Austria | B2263: Bundesliga | C2263: 2024/2025 | D2263: 45514 | E2263: 0.66666667 | F2263: Tirol | G2263: Grazer AK | H2263: 0 | I2263: 0 | J2263: D | K2263: 235 | L2263: 348 | M2263: 312 | N2263: 235 | O2263: 375 | P2263: 335 | Q2263: 22 | R2263: 34 | S2263: 316 | T2263: 2.38 | U2263: 3.6 | V2263: 3.25
A2264: Austria | B2264: Bundesliga | C2264: 2024/2025 | D2264: 45514 | E2264: 0.77083333 | F2264: Salzburg | G2264: BW Linz | H2264: 5 | I2264: 1 | J2264: H | K2264: 133 | L2264: 581 | M2264: 864 | N2264: 137 | O2264: 651 | P2264: 1118 | Q2264: 132 | R2264: 551 | S2264: 795 | T2264: 1.33 | U2264: 6 | V2264: 10.5
A2265: Austria | B2265: Bundesliga | C2265: 2024/2025 | D2265: 45515 | E2265: 0.66666667 | F2265: A. Klagenfurt | G2265: SK Rapid | H2265: 1 | I2265: 1 | J2265: D | K2265: 471 | L2265: 407 | M2265: 173 | N2265: 471 | O2265: 414 | P2265: 179 | Q2265: 43 | R2265: 395 | S2265: 173 | T2265: 4.9 | U2265: 4.2 | V2265: 1.76
A2266: Austria | B2266: Bundesliga | C2266: 2024/2025 | D2266: 45515 | E2266: 0.66666667 | F2266: Austria Vienna | G2266: Wolfsberger AC | H2266: 3 | I2266: 1 | J2266: H | K2266: 215 | L2266: 382 | M2266: 325 | N2266: 224 | O2266: 39 | P2266: 325 | Q2266: 215 | R2266: 365 | S2266: 305 | T2266: 2.2 | U2266: 3.8 | V2266: 3.35
A2267: Austria | B2267: Bundesliga | C2267: 2024/2025 | D2267: 45515 | E2267: 0.66666667 | F2267: Sturm Graz | G2267: Hartberg | H2267: 2 | I2267: 0 | J2267: H | K2267: 157 | L2267: 447 | M2267: 561 | N2267: 159 | O2267: 489 | P2267: 561 | Q2267: 154 | R2267: 44 | S2267: 526 | T2267: 1.61 | U2267: 4.6 | V2267: 6
... A2459: Austria | B2459: Bundesliga | C2459: 2025/2026 | D2459: 45879 | E2459: 0.66666667 | F2459: Tirol | G2459: LASK | H2459: 3 | I2459: 1 | J2459: H | K2459: 348 | L2459: 358 | M2459: 214 | N2459: 36 | O2459: 375 | P2459: 212 | Q2459: 333 | R2459: 355 | S2459: 201 | T2459: 3.6 | U2459: 3.8 | V2459: 2.14
A2460: Austria | B2460: Bundesliga | C2460: 2025/2026 | D2460: 45885 | E2460: 0.66666667 | F2460: Grazer AK | G2460: Tirol | H2460: 1 | I2460: 1 | J2460: D | K2460: 225 | L2460: 379 | M2460: 307 | N2460: 27 | O2460: 36 | P2460: 27 | Q2460: 258 | R2460: 339 | S2460: 252 | T2460: 2.72 | U2460: 3.85 | V2460: 2.68 | W2460: 2.63 | X2460: 3.5 | Y2460: 2.5
A2461: Austria | B2461: Bundesliga | C2461: 2025/2026 | D2461: 45885 | E2461: 0.66666667 | F2461: Hartberg | G2461: Salzburg | H2461: 1 | I2461: 2 | J2461: A | K2461: 675 | L2461: 464 | M2461: 148 | N2461: 75 | O2461: 48 | P2461: 145 | Q2461: 658 | R2461: 458 | S2461: 141 | T2461: 7.8 | U2461: 5.1 | V2461: 1.45 | W2461: 6.5 | X2461: 4.75 | Y2461: 1.42
A2462: Austria | B2462: Bundesliga | C2462: 2025/2026 | D2462: 45885 | E2462: 0.77083333 | F2462: Ried | G2462: Sturm Graz | H2462: 1 | I2462: 3 | J2462: A | K2462: 437 | L2462: 385 | M2462: 183 | N2462: 42 | O2462: 39 | P2462: 185 | Q2462: 397 | R2462: 376 | S2462: 178 | T2462: 4.4 | U2462: 4 | V2462: 1.85 | W2462: 4.2 | X2462: 3.9 | Y2462: 1.75
A2463: Austria | B2463: Bundesliga | C2463: 2025/2026 | D2463: 45886 | E2463: 0.66666667 | F2463: LASK | G2463: Austria Vienna | H2463: 2 | I2463: 1 | J2463: H | K2463: 262 | L2463: 378 | M2463: 259 | N2463: 255 | O2463: 37 | P2463: 26 | Q2463: 25 | R2463: 352 | S2463: 252 | T2463: 2.66 | U2463: 3.85 | V2463: 2.68 | W2463: 2.5 | X2463: 3.7 | Y2463: 2.55
A2464: Austria | B2464: Bundesliga | C2464: 2025/2026 | D2464: 45886 | E2464: 0.66666667 | F2464: SK Rapid | G2464: Altach | H2464: 0 | I2464: 0 | J2464: D | K2464: 198 | L2464: 367 | M2464: 387 | N2464: 19 | O2464: 375 | P2464: 45 | Q2464: 18 | R2464: 357 | S2464: 408 | T2464: 1.85 | U2464: 3.9 | V2464: 4.8 | W2464: 1.75 | X2464: 3.7 | Y2464: 4.33
A2465: Austria | B2465: Bundesliga | C2465: 2025/2026 | D2465: 45886 | E2465: 0.66666667 | F2465: Wolfsberger AC | G2465: BW Linz | H2465: 3 | I2465: 0 | J2465: H | K2465: 196 | L2465: 365 | M2465: 399 | N2465: 199 | O2465: 365 | P2465: 4 | Q2465: 192 | R2465: 345 | S2465: 371 | T2465: 2 | U2465: 3.7 | V2465: 4.1 | W2465: 1.91 | X2465: 3.6 | Y2465: 3.9
A2466: Austria | B2466: Bundesliga | C2466: 2025/2026 | D2466: 45892 | E2466: 0.66666667 | F2466: BW Linz | G2466: Ried | H2466: 0 | I2466: 2 | J2466: A | K2466: 228 | L2466: 329 | M2466: 344 | N2466: 263 | O2466: 34 | P2466: 32 | Q2466: 246 | R2466: 316 | S2466: 281 | T2466: 2.64 | U2466: 3.3 | V2466: 3 | W2466: 2.63 | X2466: 3.25 | Y2466: 2.75
A2467: Austria | B2467: Bundesliga | C2467: 2025/2026 | D2467: 45892 | E2467: 0.66666667 | F2467: Salzburg | G2467: LASK | H2467: 3 | I2467: 0 | J2467: H | K2467: 162 | L2467: 442 | M2467: 515 | N2467: 161 | O2467: 44 | P2467: 525 | Q2467: 157 | R2467: 419 | S2467: 488 | T2467: 1.65 | U2467: 4.5 | V2467: 5.6 | W2467: 1.6 | X2467: 4 | Y2467: 5.25
A2468: Austria | B2468: Bundesliga | C2468: 2025/2026 | D2468: 45893 | E2468: 0.66666667 | F2468: Altach | G2468: Grazer AK | H2468: 1 | I2468: 1 | J2468: D | K2468: 2 | L2468: 344 | M2468: 41 | N2468: 198 | O2468: 35 | P2468: 46 | Q2468: 185 | R2468: 337 | S2468: 413 | T2468: 1.91 | U2468: 3.5 | V2468: 5 | W2468: 1.8 | X2468: 3.5 | Y2468: 4.33
A2469: Austria | B2469: Bundesliga | C2469: 2025/2026 | D2469: 45893 | E2469: 0.66666667 | F2469: Austria Vienna | G2469: Hartberg | H2469: 1 | I2469: 3 | J2469: A | K2469: 169 | L2469: 417 | M2469: 483 | N2469: 166 | O2469: 41 | P2469: 525 | Q2469: 163 | R2469: 388 | S2469: 483 | T2469: 1.68 | U2469: 4.1 | V2469: 5.6 | W2469: 1.65 | X2469: 4 | Y2469: 5
A2470: Austria | B2470: Bundesliga | C2470: 2025/2026 | D2470: 45893 | E2470: 0.66666667 | F2470: Wolfsberger AC | G2470: SK Rapid | H2470: 1 | I2470: 2 | J2470: A | K2470: 261 | L2470: 356 | M2470: 271 | N2470: 27 | O2470: 36 | P2470: 265 | Q2470: 256 | R2470: 342 | S2470: 252 | T2470: 2.78 | U2470: 3.55 | V2470: 2.68 | W2470: 2.63 | X2470: 3.5 | Y2470: 2.5
A2471: Austria | B2471: Bundesliga | C2471: 2025/2026 | D2471: 45899 | E2471: 0.66666667 | F2471: LASK | G2471: Ried | H2471: 1 | I2471: 3 | J2471: A | K2471: 2 | L2471: 361 | M2471: 387 | N2471: 21 | O2471: 365 | P2471: 37 | Q2471: 199 | R2471: 348 | S2471: 344 | T2471: 2.06 | U2471: 3.65 | V2471: 3.85 | W2471: 2.1 | X2471: 3.25 | Y2471: 3.7
... A2512: Austria | B2512: Bundesliga | C2512: 2025/2026 | D2512: 45956 | E2512: 0.66666667 | F2512: Austria Vienna | G2512: Salzburg | H2512: 0 | I2512: 3 | J2512: A | K2512: 313 | L2512: 371 | M2512: 217 | N2512: 285 | O2512: 36 | P2512: 245 | Q2512: 269 | R2512: 35 | S2512: 235 | T2512: 2.84 | U2512: 3.75 | V2512: 2.56 | W2512: 2.7 | X2512: 3.4 | Y2512: 2.35
A2513: Austria | B2513: Bundesliga | C2513: 2025/2026 | D2513: 45962 | E2513: 0.66666667 | F2513: BW Linz | G2513: LASK | H2513: 0 | I2513: 1 | J2513: A | N2513: 37 | O2513: 35 | P2513: 21 | Q2513: 343 | R2513: 334 | S2513: 204 | T2513: 4 | U2513: 3.55 | V2513: 2.08 | W2513: 3.5 | X2513: 3.5 | Y2513: 2.01
A2514: Austria | B2514: Bundesliga | C2514: 2025/2026 | D2514: 45962 | E2514: 0.66666667 | F2514: Grazer AK | G2514: Altach | H2514: 3 | I2514: 1 | J2514: H | N2514: 35 | O2514: 325 | P2514: 225 | Q2514: 336 | R2514: 298 | S2514: 222 | T2514: 3.7 | U2514: 3.1 | V2514: 2.4 | W2514: 3.3 | X2514: 3.25 | Y2514: 2.15
A2515: Austria | B2515: Bundesliga | C2515: 2025/2026 | D2515: 45962 | E2515: 0.66666667 | F2515: Hartberg | G2515: Austria Vienna | H2515: 2 | I2515: 1 | J2515: H | N2515: 39 | O2515: 35 | P2515: 205 | Q2515: 356 | R2515: 337 | S2515: 197 | T2515: 4 | U2515: 3.6 | V2515: 2.06 | W2515: 3.9 | X2515: 3.4 | Y2515: 1.91
A2516: Austria | B2516: Bundesliga | C2516: 2025/2026 | D2516: 45963 | E2516: 0.5625 | F2516: Salzburg | G2516: Ried | H2516: 4 | I2516: 1 | J2516: H | N2516: 2 | O2516: 38 | P2516: 4 | Q2516: 192 | R2516: 355 | S2516: 354 | T2516: 2.02 | U2516: 3.75 | V2516: 4 | W2516: 1.96 | X2516: 3.8 | Y2516: 3.3
A2517: Austria | B2517: Bundesliga | C2517: 2025/2026 | D2517: 45963 | E2517: 0.5625 | F2517: Wolfsberger AC | G2517: Tirol | H2517: 0 | I2517: 0 | J2517: D | N2517: 17 | O2517: 395 | P2517: 533 | Q2517: 164 | R2517: 372 | S2517: 482 | T2517: 1.74 | U2517: 3.9 | V2517: 5.4 | W2517: 1.62 | X2517: 3.8 | Y2517: 4.75
A2518: Austria | B2518: Bundesliga | C2518: 2025/2026 | D2518: 45963 | E2518: 0.66666667 | F2518: SK Rapid | G2518: Sturm Graz | H2518: 2 | I2518: 1 | J2518: H | N2518: 26 | O2518: 36 | P2518: 265 | Q2518: 25 | R2518: 342 | S2518: 255 | T2518: 2.72 | U2518: 3.6 | V2518: 2.76 | W2518: 2.55 | X2518: 3.5 | Y2518: 2.5
A2519: Austria | B2519: Bundesliga | C2519: 2025/2026 | D2519: 45969 | E2519: 0.66666667 | F2519: Austria Vienna | G2519: Grazer AK | H2519: 2 | I2519: 1 | J2519: H | N2519: 175 | O2519: 36 | P2519: 55 | Q2519: 17 | R2519: 343 | S2519: 494 | T2519: 1.74 | U2519: 3.75 | V2519: 5.8 | W2519: 1.66 | X2519: 3.5 | Y2519: 5.5
A2520: Austria | B2520: Bundesliga | C2520: 2025/2026 | D2520: 45969 | E2520: 0.66666667 | F2520: Ried | G2520: BW Linz | H2520: 2 | I2520: 1 | J2520: H | N2520: 215 | O2520: 33 | P2520: 36 | Q2520: 207 | R2520: 32 | S2520: 347 | T2520: 2.24 | U2520: 3.3 | V2520: 3.65 | W2520: 2.1 | X2520: 3.25 | Y2520: 3.5
A2521: Austria | B2521: Bundesliga | C2521: 2025/2026 | D2521: 45969 | E2521: 0.66666667 | F2521: Wolfsberger AC | G2521: Hartberg | H2521: 1 | I2521: 2 | J2521: A | N2521: 191 | O2521: 36 | P2521: 42 | Q2521: 184 | R2521: 347 | S2521: 396 | T2521: 1.94 | U2521: 3.75 | V2521: 4.4 | W2521: 1.81 | X2521: 3.5 | Y2521: 4.2
A2522: Austria | B2522: Bundesliga | C2522: 2025/2026 | D2522: 45970 | E2522: 0.5625 | F2522: LASK | G2522: Altach | H2522: 1 | I2522: 0 | J2522: H | N2522: 187 | O2522: 35 | P2522: 475 | Q2522: 182 | R2522: 336 | S2522: 419 | T2522: 1.88 | U2522: 3.55 | V2522: 4.9 | W2522: 1.81 | X2522: 3.5 | Y2522: 4.1
A2523: Austria | B2523: Bundesliga | C2523: 2025/2026 | D2523: 45970 | E2523: 0.5625 | F2523: Tirol | G2523: SK Rapid | H2523: 1 | I2523: 1 | J2523: D | N2523: 36 | O2523: 35 | P2523: 223 | Q2523: 331 | R2523: 333 | S2523: 208 | T2523: 3.7 | U2523: 3.5 | V2523: 2.18 | W2523: 3.4 | X2523: 3.4 | Y2523: 2.05
A2524: Austria | B2524: Bundesliga | C2524: 2025/2026 | D2524: 45970 | E2524: 0.66666667 | F2524: Sturm Graz | G2524: Salzburg | H2524: 1 | I2524: 1 | J2524: D | N2524: 238 | O2524: 36 | P2524: 29 | Q2524: 23 | R2524: 349 | S2524: 277 | T2524: 2.5 | U2524: 3.6 | V2524: 3 | W2524: 2.3 | X2524: 3.6 | Y2524: 2.75
... A2603: Austria | B2603: Bundesliga | C2603: 2025/2026 | D2603: 46124 | E2603: 0.66666667 | F2603: Austria Vienna | G2603: SK Rapid | H2603: 1 | I2603: 1 | J2603: D | N2603: 275 | O2603: 32 | P2603: 288 | Q2603: 26 | R2603: 302 | S2603: 272 | T2603: 2.9 | U2603: 3.05 | V2603: 2.94 | W2603: 2.65 | X2603: 3.1 | Y2603: 2.65
A2604: Austria | B2604: Bundesliga | C2604: 2025/2026 | D2604: 46129 | E2604: 0.77083333 | F2604: Grazer AK | G2604: Ried | H2604: 1 | I2604: 1 | J2604: D | N2604: 26 | O2604: 315 | P2604: 31 | Q2604: 249 | R2604: 298 | S2604: 284 | W2604: 2.55 | X2604: 2.85 | Y2604: 2.85
A2605: Austria | B2605: Bundesliga | C2605: 2025/2026 | D2605: 46130 | E2605: 0.66666667 | F2605: Tirol | G2605: Altach | H2605: 2 | I2605: 2 | J2605: D | N2605: 28 | O2605: 315 | P2605: 266 | Q2605: 267 | R2605: 304 | S2605: 258 | W2605: 2.57 | X2605: 3 | Y2605: 2.45
A2606: Austria | B2606: Bundesliga | C2606: 2025/2026 | D2606: 46130 | E2606: 0.66666667 | F2606: Wolfsberger AC | G2606: BW Linz | H2606: 0 | I2606: 0 | J2606: D | N2606: 27 | O2606: 35 | P2606: 263 | Q2606: 256 | R2606: 33 | S2606: 252 | W2606: 2.65 | X2606: 3.3 | Y2606: 2.5
A2607: Austria | B2607: Bundesliga | C2607: 2025/2026 | D2607: 46131 | E2607: 0.5625 | F2607: Austria Vienna | G2607: Salzburg | H2607: 1 | I2607: 3 | J2607: A | N2607: 38 | O2607: 38 | P2607: 202 | Q2607: 354 | R2607: 361 | S2607: 189 | W2607: 3.75 | X2607: 3.75 | Y2607: 1.86
A2608: Austria | B2608: Bundesliga | C2608: 2025/2026 | D2608: 46131 | E2608: 0.5625 | F2608: Hartberg | G2608: SK Rapid | H2608: 2 | I2608: 2 | J2608: D | N2608: 41 | O2608: 34 | P2608: 208 | Q2608: 365 | R2608: 327 | S2608: 197 | W2608: 3.9 | X2608: 3.4 | Y2608: 1.91
...

Sheet AT2526
A1: Country | B1: League | C1: Season | D1: Date | E1: Time | F1: Home | G1: Away | H1: HG | I1: AG | J1: Res | K1: PSCH | L1: PSCD | M1: PSCA | N1: MaxCH | O1: MaxCD | P1: MaxCA | Q1: AvgCH | R1: AvgCD | S1: AvgCA | T1: BFECH | U1: BFECD | V1: BFECA | W1: B365CH | X1: B365CD | Y1: B365CA
A2: Austria | B2: Bundesliga | C2: 2025/2026 | D2: 45870 | E2: 0.8125 | F2: LASK | G2: Sturm Graz | H2: 0 | I2: 2 | J2: A | K2: 236 | L2: 361 | M2: 3 | N2: 25 | O2: 361 | P2: 3 | Q2: 237 | R2: 344 | S2: 271 | T2: 2.58 | U2: 3.65 | V2: 2.9
A3: Austria | B3: Bundesliga | C3: 2025/2026 | D3: 45871 | E3: 0.66666667 | F3: Tirol | G3: Hartberg | H3: 4 | I3: 2 | J3: H | K3: 271 | L3: 33 | M3: 278 | N3: 271 | O3: 35 | P3: 325 | Q3: 224 | R3: 326 | S3: 307 | T3: 2.24 | U3: 3.4 | V3: 3.7
A4: Austria | B4: Bundesliga | C4: 2025/2026 | D4: 45871 | E4: 0.66666667 | F4: Wolfsberger AC | G4: Altach | H4: 0 | I4: 2 | J4: A | K4: 191 | L4: 377 | M4: 407 | N4: 215 | O4: 377 | P4: 407 | Q4: 206 | R4: 334 | S4: 337 | T4: 2.22 | U4: 3.5 | V4: 3.6
A5: Austria | B5: Bundesliga | C5: 2025/2026 | D5: 45871 | E5: 0.77083333 | F5: Ried | G5: Salzburg | H5: 2 | I5: 2 | J5: D | K5: 51 | L5: 418 | M5: 166 | N5: 525 | O5: 418 | P5: 17 | Q5: 495 | R5: 372 | S5: 164 | T5: 6 | U5: 4.4 | V5: 1.63
A6: Austria | B6: Bundesliga | C6: 2025/2026 | D6: 45872 | E6: 0.66666667 | F6: Grazer AK | G6: Austria Vienna | H6: 2 | I6: 2 | J6: D | K6: 376 | L6: 373 | M6: 2 | N6: 45 | O6: 39 | P6: 2 | Q6: 397 | R6: 362 | S6: 18 | T6: 4.1 | U6: 3.95 | V6: 1.95
A7: Austria | B7: Bundesliga | C7: 2025/2026 | D7: 45872 | E7: 0.66666667 | F7: SK Rapid | G7: BW Linz | H7: 1 | I7: 0 | J7: H | K7: 193 | L7: 354 | M7: 381 | N7: 193 | O7: 39 | P7: 433 | Q7: 181 | R7: 36 | S7: 401 | T7: 1.9 | U7: 3.9 | V7: 4.6
A8: Austria | B8: Bundesliga | C8: 2025/2026 | D8: 45878 | E8: 0.66666667 | F8: Altach | G8: Ried | H8: 1 | I8: 0 | J8: H | K8: 226 | L8: 286 | M8: 412 | N8: 238 | O8: 3 | P8: 4 | Q8: 216 | R8: 284 | S8: 374 | T8: 2.32 | U8: 3.05 | V8: 4
A9: Austria | B9: Bundesliga | C9: 2025/2026 | D9: 45878 | E9: 0.66666667 | F9: BW Linz | G9: Hartberg | H9: 0 | I9: 1 | J9: A | K9: 205 | L9: 348 | M9: 387 | N9: 184 | O9: 4 | P9: 55 | Q9: 17 | R9: 364 | S9: 463 | T9: 1.77 | U9: 3.85 | V9: 5.5
A10: Austria | B10: Bundesliga | C10: 2025/2026 | D10: 45878 | E10: 0.77083333 | F10: Salzburg | G10: Grazer AK | H10: 5 | I10: 0 | J10: H | K10: 135 | L10: 52 | M10: 964 | N10: 144 | O10: 5 | P10: 8 | Q10: 14 | R10: 467 | S10: 667 | T10: 1.45 | U10: 5 | V10: 8.2
A11: Austria | B11: Bundesliga | C11: 2025/2026 | D11: 45879 | E11: 0.66666667 | F11: Austria Vienna | G11: Wolfsberger AC | H11: 0 | I11: 2 | J11: A | K11: 2 | L11: 365 | M11: 385 | N11: 21 | O11: 38 | P11: 35 | Q11: 199 | R11: 353 | S11: 336 | T11: 2.1 | U11: 3.8 | V11: 3.7
A12: Austria | B12: Bundesliga | C12: 2025/2026 | D12: 45879 | E12: 0.66666667 | F12: Sturm Graz | G12: SK Rapid | H12: 1 | I12: 2 | J12: A | K12: 216 | L12: 363 | M12: 338 | N12: 225 | O12: 375 | P12: 32 | Q12: 213 | R12: 349 | S12: 309 | T12: 2.22 | U12: 3.6 | V12: 3.5
A13: Austria | B13: Bundesliga | C13: 2025/2026 | D13: 45879 | E13: 0.66666667 | F13: Tirol | G13: LASK | H13: 3 | I13: 1 | J13: H | K13: 348 | L13: 358 | M13: 214 | N13: 36 | O13: 375 | P13: 212 | Q13: 333 | R13: 355 | S13: 201 | T13: 3.6 | U13: 3.8 | V13: 2.14
A14: Austria | B14: Bundesliga | C14: 2025/2026 | D14: 45885 | E14: 0.66666667 | F14: Grazer AK | G14: Tirol | H14: 1 | I14: 1 | J14: D | K14: 225 | L14: 379 | M14: 307 | N14: 27 | O14: 36 | P14: 27 | Q14: 258 | R14: 339 | S14: 252 | T14: 2.72 | U14: 3.85 | V14: 2.68 | W14: 2.63 | X14: 3.5 | Y14: 2.5
A15: Austria | B15: Bundesliga | C15: 2025/2026 | D15: 45885 | E15: 0.66666667 | F15: Hartberg | G15: Salzburg | H15: 1 | I15: 2 | J15: A | K15: 675 | L15: 464 | M15: 148 | N15: 75 | O15: 48 | P15: 145 | Q15: 658 | R15: 458 | S15: 141 | T15: 7.8 | U15: 5.1 | V15: 1.45 | W15: 6.5 | X15: 4.75 | Y15: 1.42
A16: Austria | B16: Bundesliga | C16: 2025/2026 | D16: 45885 | E16: 0.77083333 | F16: Ried | G16: Sturm Graz | H16: 1 | I16: 3 | J16: A | K16: 437 | L16: 385 | M16: 183 | N16: 42 | O16: 39 | P16: 185 | Q16: 397 | R16: 376 | S16: 178 | T16: 4.4 | U16: 4 | V16: 1.85 | W16: 4.2 | X16: 3.9 | Y16: 1.75
A17: Austria | B17: Bundesliga | C17: 2025/2026 | D17: 45886 | E17: 0.66666667 | F17: LASK | G17: Austria Vienna | H17: 2 | I17: 1 | J17: H | K17: 262 | L17: 378 | M17: 259 | N17: 255 | O17: 37 | P17: 26 | Q17: 25 | R17: 352 | S17: 252 | T17: 2.66 | U17: 3.85 | V17: 2.68 | W17: 2.5 | X17: 3.7 | Y17: 2.55
A18: Austria | B18: Bundesliga | C18: 2025/2026 | D18: 45886 | E18: 0.66666667 | F18: SK Rapid | G18: Altach | H18: 0 | I18: 0 | J18: D | K18: 198 | L18: 367 | M18: 387 | N18: 19 | O18: 375 | P18: 45 | Q18: 18 | R18: 357 | S18: 408 | T18: 1.85 | U18: 3.9 | V18: 4.8 | W18: 1.75 | X18: 3.7 | Y18: 4.33
A19: Austria | B19: Bundesliga | C19: 2025/2026 | D19: 45886 | E19: 0.66666667 | F19: Wolfsberger AC | G19: BW Linz | H19: 3 | I19: 0 | J19: H | K19: 196 | L19: 365 | M19: 399 | N19: 199 | O19: 365 | P19: 4 | Q19: 192 | R19: 345 | S19: 371 | T19: 2 | U19: 3.7 | V19: 4.1 | W19: 1.91 | X19: 3.6 | Y19: 3.9
A20: Austria | B20: Bundesliga | C20: 2025/2026 | D20: 45892 | E20: 0.66666667 | F20: BW Linz | G20: Ried | H20: 0 | I20: 2 | J20: A | K20: 228 | L20: 329 | M20: 344 | N20: 263 | O20: 34 | P20: 32 | Q20: 246 | R20: 316 | S20: 281 | T20: 2.64 | U20: 3.3 | V20: 3 | W20: 2.63 | X20: 3.25 | Y20: 2.75
A21: Austria | B21: Bundesliga | C21: 2025/2026 | D21: 45892 | E21: 0.66666667 | F21: Salzburg | G21: LASK | H21: 3 | I21: 0 | J21: H | K21: 162 | L21: 442 | M21: 515 | N21: 161 | O21: 44 | P21: 525 | Q21: 157 | R21: 419 | S21: 488 | T21: 1.65 | U21: 4.5 | V21: 5.6 | W21: 1.6 | X21: 4 | Y21: 5.25
A22: Austria | B22: Bundesliga | C22: 2025/2026 | D22: 45893 | E22: 0.66666667 | F22: Altach | G22: Grazer AK | H22: 1 | I22: 1 | J22: D | K22: 2 | L22: 344 | M22: 41 | N22: 198 | O22: 35 | P22: 46 | Q22: 185 | R22: 337 | S22: 413 | T22: 1.91 | U22: 3.5 | V22: 5 | W22: 1.8 | X22: 3.5 | Y22: 4.33
A23: Austria | B23: Bundesliga | C23: 2025/2026 | D23: 45893 | E23: 0.66666667 | F23: Austria Vienna | G23: Hartberg | H23: 1 | I23: 3 | J23: A | K23: 169 | L23: 417 | M23: 483 | N23: 166 | O23: 41 | P23: 525 | Q23: 163 | R23: 388 | S23: 483 | T23: 1.68 | U23: 4.1 | V23: 5.6 | W23: 1.65 | X23: 4 | Y23: 5
A24: Austria | B24: Bundesliga | C24: 2025/2026 | D24: 45893 | E24: 0.66666667 | F24: Wolfsberger AC | G24: SK Rapid | H24: 1 | I24: 2 | J24: A | K24: 261 | L24: 356 | M24: 271 | N24: 27 | O24: 36 | P24: 265 | Q24: 256 | R24: 342 | S24: 252 | T24: 2.78 | U24: 3.55 | V24: 2.68 | W24: 2.63 | X24: 3.5 | Y24: 2.5
A25: Austria | B25: Bundesliga | C25: 2025/2026 | D25: 45899 | E25: 0.66666667 | F25: LASK | G25: Ried | H25: 1 | I25: 3 | J25: A | K25: 2 | L25: 361 | M25: 387 | N25: 21 | O25: 365 | P25: 37 | Q25: 199 | R25: 348 | S25: 344 | T25: 2.06 | U25: 3.65 | V25: 3.85 | W25: 2.1 | X25: 3.25 | Y25: 3.7
... A66: Austria | B66: Bundesliga | C66: 2025/2026 | D66: 45956 | E66: 0.66666667 | F66: Austria Vienna | G66: Salzburg | H66: 0 | I66: 3 | J66: A | K66: 313 | L66: 371 | M66: 217 | N66: 285 | O66: 36 | P66: 245 | Q66: 269 | R66: 35 | S66: 235 | T66: 2.84 | U66: 3.75 | V66: 2.56 | W66: 2.7 | X66: 3.4 | Y66: 2.35
A67: Austria | B67: Bundesliga | C67: 2025/2026 | D67: 45962 | E67: 0.66666667 | F67: BW Linz | G67: LASK | H67: 0 | I67: 1 | J67: A | N67: 37 | O67: 35 | P67: 21 | Q67: 343 | R67: 334 | S67: 204 | T67: 4 | U67: 3.55 | V67: 2.08 | W67: 3.5 | X67: 3.5 | Y67: 2.01
A68: Austria | B68: Bundesliga | C68: 2025/2026 | D68: 45962 | E68: 0.66666667 | F68: Grazer AK | G68: Altach | H68: 3 | I68: 1 | J68: H | N68: 35 | O68: 325 | P68: 225 | Q68: 336 | R68: 298 | S68: 222 | T68: 3.7 | U68: 3.1 | V68: 2.4 | W68: 3.3 | X68: 3.25 | Y68: 2.15
A69: Austria | B69: Bundesliga | C69: 2025/2026 | D69: 45962 | E69: 0.66666667 | F69: Hartberg | G69: Austria Vienna | H69: 2 | I69: 1 | J69: H | N69: 39 | O69: 35 | P69: 205 | Q69: 356 | R69: 337 | S69: 197 | T69: 4 | U69: 3.6 | V69: 2.06 | W69: 3.9 | X69: 3.4 | Y69: 1.91
A70: Austria | B70: Bundesliga | C70: 2025/2026 | D70: 45963 | E70: 0.5625 | F70: Salzburg | G70: Ried | H70: 4 | I70: 1 | J70: H | N70: 2 | O70: 38 | P70: 4 | Q70: 192 | R70: 355 | S70: 354 | T70: 2.02 | U70: 3.75 | V70: 4 | W70: 1.96 | X70: 3.8 | Y70: 3.3
A71: Austria | B71: Bundesliga | C71: 2025/2026 | D71: 45963 | E71: 0.5625 | F71: Wolfsberger AC | G71: Tirol | H71: 0 | I71: 0 | J71: D | N71: 17 | O71: 395 | P71: 533 | Q71: 164 | R71: 372 | S71: 482 | T71: 1.74 | U71: 3.9 | V71: 5.4 | W71: 1.62 | X71: 3.8 | Y71: 4.75
A72: Austria | B72: Bundesliga | C72: 2025/2026 | D72: 45963 | E72: 0.66666667 | F72: SK Rapid | G72: Sturm Graz | H72: 2 | I72: 1 | J72: H | N72: 26 | O72: 36 | P72: 265 | Q72: 25 | R72: 342 | S72: 255 | T72: 2.72 | U72: 3.6 | V72: 2.76 | W72: 2.55 | X72: 3.5 | Y72: 2.5
A73: Austria | B73: Bundesliga | C73: 2025/2026 | D73: 45969 | E73: 0.66666667 | F73: Austria Vienna | G73: Grazer AK | H73: 2 | I73: 1 | J73: H | N73: 175 | O73: 36 | P73: 55 | Q73: 17 | R73: 343 | S73: 494 | T73: 1.74 | U73: 3.75 | V73: 5.8 | W73: 1.66 | X73: 3.5 | Y73: 5.5
A74: Austria | B74: Bundesliga | C74: 2025/2026 | D74: 45969 | E74: 0.66666667 | F74: Ried | G74: BW Linz | H74: 2 | I74: 1 | J74: H | N74: 215 | O74: 33 | P74: 36 | Q74: 207 | R74: 32 | S74: 347 | T74: 2.24 | U74: 3.3 | V74: 3.65 | W74: 2.1 | X74: 3.25 | Y74: 3.5
A75: Austria | B75: Bundesliga | C75: 2025/2026 | D75: 45969 | E75: 0.66666667 | F75: Wolfsberger AC | G75: Hartberg | H75: 1 | I75: 2 | J75: A | N75: 191 | O75: 36 | P75: 42 | Q75: 184 | R75: 347 | S75: 396 | T75: 1.94 | U75: 3.75 | V75: 4.4 | W75: 1.81 | X75: 3.5 | Y75: 4.2
A76: Austria | B76: Bundesliga | C76: 2025/2026 | D76: 45970 | E76: 0.5625 | F76: LASK | G76: Altach | H76: 1 | I76: 0 | J76: H | N76: 187 | O76: 35 | P76: 475 | Q76: 182 | R76: 336 | S76: 419 | T76: 1.88 | U76: 3.55 | V76: 4.9 | W76: 1.81 | X76: 3.5 | Y76: 4.1
A77: Austria | B77: Bundesliga | C77: 2025/2026 | D77: 45970 | E77: 0.5625 | F77: Tirol | G77: SK Rapid | H77: 1 | I77: 1 | J77: D | N77: 36 | O77: 35 | P77: 223 | Q77: 331 | R77: 333 | S77: 208 | T77: 3.7 | U77: 3.5 | V77: 2.18 | W77: 3.4 | X77: 3.4 | Y77: 2.05
A78: Austria | B78: Bundesliga | C78: 2025/2026 | D78: 45970 | E78: 0.66666667 | F78: Sturm Graz | G78: Salzburg | H78: 1 | I78: 1 | J78: D | N78: 238 | O78: 36 | P78: 29 | Q78: 23 | R78: 349 | S78: 277 | T78: 2.5 | U78: 3.6 | V78: 3 | W78: 2.3 | X78: 3.6 | Y78: 2.75
... A157: Austria | B157: Bundesliga | C157: 2025/2026 | D157: 46124 | E157: 0.66666667 | F157: Austria Vienna | G157: SK Rapid | H157: 1 | I157: 1 | J157: D | N157: 275 | O157: 32 | P157: 288 | Q157: 26 | R157: 302 | S157: 272 | T157: 2.9 | U157: 3.05 | V157: 2.94 | W157: 2.65 | X157: 3.1 | Y157: 2.65
A158: Austria | B158: Bundesliga | C158: 2025/2026 | D158: 46129 | E158: 0.77083333 | F158: Grazer AK | G158: Ried | H158: 1 | I158: 1 | J158: D | N158: 26 | O158: 315 | P158: 31 | Q158: 249 | R158: 298 | S158: 284 | W158: 2.55 | X158: 2.85 | Y158: 2.85
A159: Austria | B159: Bundesliga | C159: 2025/2026 | D159: 46130 | E159: 0.66666667 | F159: Tirol | G159: Altach | H159: 2 | I159: 2 | J159: D | N159: 28 | O159: 315 | P159: 266 | Q159: 267 | R159: 304 | S159: 258 | W159: 2.57 | X159: 3 | Y159: 2.45
A160: Austria | B160: Bundesliga | C160: 2025/2026 | D160: 46130 | E160: 0.66666667 | F160: Wolfsberger AC | G160: BW Linz | H160: 0 | I160: 0 | J160: D | N160: 27 | O160: 35 | P160: 263 | Q160: 256 | R160: 33 | S160: 252 | W160: 2.65 | X160: 3.3 | Y160: 2.5
A161: Austria | B161: Bundesliga | C161: 2025/2026 | D161: 46131 | E161: 0.5625 | F161: Austria Vienna | G161: Salzburg | H161: 1 | I161: 3 | J161: A | N161: 38 | O161: 38 | P161: 202 | Q161: 354 | R161: 361 | S161: 189 | W161: 3.75 | X161: 3.75 | Y161: 1.86
A162: Austria | B162: Bundesliga | C162: 2025/2026 | D162: 46131 | E162: 0.5625 | F162: Hartberg | G162: SK Rapid | H162: 2 | I162: 2 | J162: D | N162: 41 | O162: 34 | P162: 208 | Q162: 365 | R162: 327 | S162: 197 | W162: 3.9 | X162: 3.4 | Y162: 1.91
A163: Austria | B163: Bundesliga | C163: 2025/2026 | D163: 46131 | E163: 0.66666667 | F163: LASK | G163: Sturm Graz | H163: 1 | I163: 1 | J163: D | N163: 191 | O163: 39 | P163: 39 | Q163: 185 | R163: 367 | S163: 367 | W163: 1.81 | X163: 3.75 | Y163: 3.9
A164: Austria | B164: Bundesliga | C164: 2025/2026 | D164: 46133 | E164: 0.72916667 | F164: Altach | G164: Tirol | H164: 0 | I164: 0 | J164: D | N164: 228 | O164: 33 | P164: 34 | Q164: 222 | R164: 312 | S164: 317 | W164: 2.15 | X164: 3.25 | Y164: 3.25
A165: Austria | B165: Bundesliga | C165: 2025/2026 | D165: 46133 | E165: 0.72916667 | F165: BW Linz | G165: Wolfsberger AC | H165: 3 | I165: 0 | J165: H | N165: 2 | O165: 355 | P165: 39 | Q165: 194 | R165: 338 | S165: 361 | W165: 1.91 | X165: 3.4 | Y165: 3.9
A166: Austria | B166: Bundesliga | C166: 2025/2026 | D166: 46133 | E166: 0.8125 | F166: Ried | G166: Grazer AK | H166: 2 | I166: 1 | J166: H | N166: 21 | O166: 34 | P166: 433 | Q166: 197 | R166: 319 | S166: 377 | W166: 1.86 | X166: 3.25 | Y166: 4.33
A167: Austria | B167: Bundesliga | C167: 2025/2026 | D167: 46134 | E167: 0.72916667 | F167: Salzburg | G167: Austria Vienna | H167: 3 | I167: 1 | J167: H | N167: 158 | O167: 433 | P167: 575 | Q167: 153 | R167: 413 | S167: 525 | W167: 1.49 | X167: 4.33 | Y167: 5.75
A168: Austria | B168: Bundesliga | C168: 2025/2026 | D168: 46134 | E168: 0.72916667 | F168: SK Rapid | G168: Hartberg | H168: 0 | I168: 2 | J168: A | N168: 167 | O168: 4 | P168: 6 | Q168: 157 | R168: 379 | S168: 536 | W168: 1.51 | X168: 3.9 | Y168: 5.75
A169: Austria | B169: Bundesliga | C169: 2025/2026 | D169: 46134 | E169: 0.8125 | F169: Sturm Graz | G169: LASK | H169: 1 | I169: 1 | J169: D | N169: 36 | O169: 37 | P169: 21 | Q169: 33 | R169: 348 | S169: 201 | W169: 3.6 | X169: 3.5 | Y169: 1.96
... A181: Austria | B181: Bundesliga | C181: 2025/2026 | D181: 46146 | E181: 0.8125 | F181: LASK | G181: SK Rapid | H181: 3 | I181: 1 | J181: H | N181: 198 | O181: 375 | P181: 38 | Q181: 19 | R181: 357 | S181: 35 | W181: 1.81 | X181: 3.75 | Y181: 3.8
A182: Austria | B182: Bundesliga | C182: 2025/2026 | D182: 46151 | E182: 0.66666667 | F182: Grazer AK | G182: Altach | H182: 2 | I182: 2 | J182: D | N182: 238 | O182: 325 | P182: 34 | Q182: 224 | R182: 305 | S182: 322 | T182: 2.34 | U182: 3.1 | V182: 3.75 | W182: 2.15 | X182: 3.25 | Y182: 3.3
A183: Austria | B183: Bundesliga | C183: 2025/2026 | D183: 46151 | E183: 0.66666667 | F183: Ried | G183: Wolfsberger AC | H183: 0 | I183: 1 | J183: A | N183: 212 | O183: 35 | P183: 375 | Q183: 202 | R183: 341 | S183: 338 | T183: 2.18 | U183: 3.55 | V183: 3.7 | W183: 2.01 | X183: 3.5 | Y183: 3.5
A184: Austria | B184: Bundesliga | C184: 2025/2026 | D184: 46151 | E184: 0.66666667 | F184: Tirol | G184: BW Linz | H184: 1 | I184: 1 | J184: D | N184: 285 | O184: 34 | P184: 25 | Q184: 273 | R184: 323 | S184: 243 | T184: 3.05 | U184: 3.35 | V184: 2.62 | W184: 2.75 | X184: 3.3 | Y184: 2.45
A185: Austria | B185: Bundesliga | C185: 2025/2026 | D185: 46152 | E185: 0.66666667 | F185: Hartberg | G185: Sturm Graz | H185: 2 | I185: 4 | J185: A | N185: 5 | O185: 4 | P185: 172 | Q185: 467 | R185: 371 | S185: 166 | T185: 5.6 | U185: 3.95 | V185: 1.74 | W185: 4.75 | X185: 3.9 | Y185: 1.66
A186: Austria | B186: Bundesliga | C186: 2025/2026 | D186: 46152 | E186: 0.66666667 | F186: LASK | G186: Salzburg | H186: 2 | I186: 1 | J186: H | N186: 22 | O186: 39 | P186: 31 | Q186: 21 | R186: 365 | S186: 297 | T186: 2.18 | U186: 4 | V186: 3.2 | W186: 2.01 | X186: 3.4 | Y186: 3
A187: Austria | B187: Bundesliga | C187: 2025/2026 | D187: 46152 | E187: 0.66666667 | F187: SK Rapid | G187: Austria Vienna | H187: 0 | I187: 2 | J187: A | N187: 23 | O187: 34 | P187: 325 | Q187: 219 | R187: 331 | S187: 308 | T187: 2.4 | U187: 3.5 | V187: 3.25 | W187: 2.3 | X187: 3.25 | Y187: 3.1
A188: Austria | B188: Bundesliga | C188: 2025/2026 | D188: 46158 | E188: 0.66666667 | F188: Altach | G188: Ried | H188: 2 | I188: 0 | J188: H | N188: 17 | O188: 38 | P188: 533 | Q188: 166 | R188: 357 | S188: 48 | T188: 1.76 | U188: 3.9 | V188: 5.4 | W188: 1.62 | X188: 3.8 | Y188: 5
A189: Austria | B189: Bundesliga | C189: 2025/2026 | D189: 46158 | E189: 0.66666667 | F189: BW Linz | G189: Grazer AK | H189: 0 | I189: 3 | J189: A | N189: 21 | O189: 35 | P189: 37 | Q189: 204 | R189: 33 | S189: 336 | T189: 2.22 | U189: 3.45 | V189: 3.75 | W189: 2.05 | X189: 3.5 | Y189: 3.3
A190: Austria | B190: Bundesliga | C190: 2025/2026 | D190: 46158 | E190: 0.66666667 | F190: Wolfsberger AC | G190: Tirol | H190: 2 | I190: 0 | J190: H | N190: 2 | O190: 375 | P190: 36 | Q190: 197 | R190: 346 | S190: 342 | T190: 2.06 | U190: 3.75 | V190: 3.9 | W190: 1.96 | X190: 3.5 | Y190: 3.6
A191: Austria | B191: Bundesliga | C191: 2025/2026 | D191: 46159 | E191: 0.5625 | F191: Austria Vienna | G191: LASK | H191: 0 | I191: 3 | J191: A | N191: 333 | O191: 35 | P191: 22 | Q191: 316 | R191: 331 | S191: 213 | T191: 3.55 | U191: 3.45 | V191: 2.28 | W191: 3.2 | X191: 3.4 | Y191: 2.15
A192: Austria | B192: Bundesliga | C192: 2025/2026 | D192: 46159 | E192: 0.5625 | F192: Salzburg | G192: Hartberg | H192: 1 | I192: 3 | J192: A | N192: 125 | O192: 7 | P192: 12 | Q192: 122 | R192: 6 | S192: 10 | T192: 1.26 | U192: 7.2 | V192: 12 | W192: 1.24 | X192: 6.25 | Y192: 9
A193: Austria | B193: Bundesliga | C193: 2025/2026 | D193: 46159 | E193: 0.5625 | F193: Sturm Graz | G193: SK Rapid | H193: 2 | I193: 0 | J193: H | N193: 212 | O193: 375 | P193: 37 | Q193: 199 | R193: 356 | S193: 326 | T193: 2.14 | U193: 3.85 | V193: 3.55 | W193: 2.05 | X193: 3.75 | Y193: 3.2

Sheet Mannschaften
A1: Mannschaften | B1: Abgleich | C1: Heimtore | D1: Auswärtstore | E1: Gesamttore | F1: Anzahl der Siege | G1: meistegeschossene Tore pro Spiel
A2: Sturm Graz | B2: =COUNTIF(A:A,A2) -> 1 | C2: =SUMIF('AT2526'!F:F,Mannschaften!A2,'AT2526'!H:H) -> 17 | D2: =SUMIF('AT2526'!G:G,Mannschaften!A2,'AT2526'!I:I) -> 34 | E2: =C2+D2 -> 51 | F2: =COUNTIF(Spiele!E:E,Mannschaften!A2) -> 16 | G2: =_xlfn.XLOOKUP(A2,meistegeschosseneToreproSpiel!A:A,meistegeschosseneToreproSpiel!B:B) -> 5
A3: Hartberg | B3: =COUNTIF(A:A,A3) -> 1 | C3: =SUMIF('AT2526'!F:F,Mannschaften!A3,'AT2526'!H:H) -> 19 | D3: =SUMIF('AT2526'!G:G,Mannschaften!A3,'AT2526'!I:I) -> 21 | E3: =C3+D3 -> 40 | F3: =COUNTIF(Spiele!E:E,Mannschaften!A3) -> 10 | G3: =_xlfn.XLOOKUP(A3,meistegeschosseneToreproSpiel!A:A,meistegeschosseneToreproSpiel!B:B) -> 3
A4: Altach | B4: =COUNTIF(A:A,A4) -> 1 | C4: =SUMIF('AT2526'!F:F,Mannschaften!A4,'AT2526'!H:H) -> 21 | D4: =SUMIF('AT2526'!G:G,Mannschaften!A4,'AT2526'!I:I) -> 15 | E4: =C4+D4 -> 36 | F4: =COUNTIF(Spiele!E:E,Mannschaften!A4) -> 10 | G4: =_xlfn.XLOOKUP(A4,meistegeschosseneToreproSpiel!A:A,meistegeschosseneToreproSpiel!B:B) -> 3
A5: Salzburg | B5: =COUNTIF(A:A,A5) -> 1 | C5: =SUMIF('AT2526'!F:F,Mannschaften!A5,'AT2526'!H:H) -> 29 | D5: =SUMIF('AT2526'!G:G,Mannschaften!A5,'AT2526'!I:I) -> 27 | E5: =C5+D5 -> 56 | F5: =COUNTIF(Spiele!E:E,Mannschaften!A5) -> 13 | G5: =_xlfn.XLOOKUP(A5,meistegeschosseneToreproSpiel!A:A,meistegeschosseneToreproSpiel!B:B) -> 5
A6: Austria Vienna | B6: =COUNTIF(A:A,A6) -> 1 | C6: =SUMIF('AT2526'!F:F,Mannschaften!A6,'AT2526'!H:H) -> 19 | D6: =SUMIF('AT2526'!G:G,Mannschaften!A6,'AT2526'!I:I) -> 26 | E6: =C6+D6 -> 45 | F6: =COUNTIF(Spiele!E:E,Mannschaften!A6) -> 14 | G6: =_xlfn.XLOOKUP(A6,meistegeschosseneToreproSpiel!A:A,meistegeschosseneToreproSpiel!B:B) -> 3
A7: BW Linz | B7: =COUNTIF(A:A,A7) -> 1 | C7: =SUMIF('AT2526'!F:F,Mannschaften!A7,'AT2526'!H:H) -> 28 | D7: =SUMIF('AT2526'!G:G,Mannschaften!A7,'AT2526'!I:I) -> 9 | E7: =C7+D7 -> 37 | F7: =COUNTIF(Spiele!E:E,Mannschaften!A7) -> 8 | G7: =_xlfn.XLOOKUP(A7,meistegeschosseneToreproSpiel!A:A,meistegeschosseneToreproSpiel!B:B) -> 5
A8: Ried | B8: =COUNTIF(A:A,A8) -> 1 | C8: =SUMIF('AT2526'!F:F,Mannschaften!A8,'AT2526'!H:H) -> 21 | D8: =SUMIF('AT2526'!G:G,Mannschaften!A8,'AT2526'!I:I) -> 17 | E8: =C8+D8 -> 38 | F8: =COUNTIF(Spiele!E:E,Mannschaften!A8) -> 12 | G8: =_xlfn.XLOOKUP(A8,meistegeschosseneToreproSpiel!A:A,meistegeschosseneToreproSpiel!B:B) -> 3
A9: Grazer AK | B9: =COUNTIF(A:A,A9) -> 1 | C9: =SUMIF('AT2526'!F:F,Mannschaften!A9,'AT2526'!H:H) -> 26 | D9: =SUMIF('AT2526'!G:G,Mannschaften!A9,'AT2526'!I:I) -> 16 | E9: =C9+D9 -> 42 | F9: =COUNTIF(Spiele!E:E,Mannschaften!A9) -> 9 | G9: =_xlfn.XLOOKUP(A9,meistegeschosseneToreproSpiel!A:A,meistegeschosseneToreproSpiel!B:B) -> 5
A10: Wolfsberger AC | B10: =COUNTIF(A:A,A10) -> 1 | C10: =SUMIF('AT2526'!F:F,Mannschaften!A10,'AT2526'!H:H) -> 20 | D10: =SUMIF('AT2526'!G:G,Mannschaften!A10,'AT2526'!I:I) -> 21 | E10: =C10+D10 -> 41 | F10: =COUNTIF(Spiele!E:E,Mannschaften!A10) -> 11 | G10: =_xlfn.XLOOKUP(A10,meistegeschosseneToreproSpiel!A:A,meistegeschosseneToreproSpiel!B:B) -> 4
A11: SK Rapid | B11: =COUNTIF(A:A,A11) -> 1 | C11: =SUMIF('AT2526'!F:F,Mannschaften!A11,'AT2526'!H:H) -> 19 | D11: =SUMIF('AT2526'!G:G,Mannschaften!A11,'AT2526'!I:I) -> 17 | E11: =C11+D11 -> 36 | F11: =COUNTIF(Spiele!E:E,Mannschaften!A11) -> 12 | G11: =_xlfn.XLOOKUP(A11,meistegeschosseneToreproSpiel!A:A,meistegeschosseneToreproSpiel!B:B) -> 4
A12: LASK | B12: =COUNTIF(A:A,A12) -> 1 | C12: =SUMIF('AT2526'!F:F,Mannschaften!A12,'AT2526'!H:H) -> 28 | D12: =SUMIF('AT2526'!G:G,Mannschaften!A12,'AT2526'!I:I) -> 28 | E12: =C12+D12 -> 56 | F12: =COUNTIF(Spiele!E:E,Mannschaften!A12) -> 17 | G12: =_xlfn.XLOOKUP(A12,meistegeschosseneToreproSpiel!A:A,meistegeschosseneToreproSpiel!B:B) -> 5
A13: Tirol | B13: =COUNTIF(A:A,A13) -> 1 | C13: =SUMIF('AT2526'!F:F,Mannschaften!A13,'AT2526'!H:H) -> 26 | D13: =SUMIF('AT2526'!G:G,Mannschaften!A13,'AT2526'!I:I) -> 14 | E13: =C13+D13 -> 40 | F13: =COUNTIF(Spiele!E:E,Mannschaften!A13) -> 10 | G13: =_xlfn.XLOOKUP(A13,meistegeschosseneToreproSpiel!A:A,meistegeschosseneToreproSpiel!B:B) -> 4

Sheet Spiele
A1: Home | B1: Away | C1: HG | D1: AG | E1: Winner | F1: Punkte H | G1: Punkte A
A2: LASK | B2: Sturm Graz | C2: 0 | D2: 2 | E2: {=_xlfn.IFS(C2=D2, ,C2>D2,A2,D2>C2,B2)} -> Sturm Graz | F2: {=_xlfn.IFS(E2=0,1,E2=A2,3,E2<>A2,0)} -> 0 | G2: {=_xlfn.IFS(E2=0,1,E2=B2,3,E2<>B2,0)} -> 3
A3: Tirol | B3: Hartberg | C3: 4 | D3: 2 | E3: {=_xlfn.IFS(C3=D3, ,C3>D3,A3,D3>C3,B3)} -> Tirol | F3: {=_xlfn.IFS(E3=0,1,E3=A3,3,E3<>A3,0)} -> 3 | G3: {=_xlfn.IFS(E3=0,1,E3=B3,3,E3<>B3,0)} -> 0
A4: Wolfsberger AC | B4: Altach | C4: 0 | D4: 2 | E4: {=_xlfn.IFS(C4=D4, ,C4>D4,A4,D4>C4,B4)} -> Altach | F4: {=_xlfn.IFS(E4=0,1,E4=A4,3,E4<>A4,0)} -> 0 | G4: {=_xlfn.IFS(E4=0,1,E4=B4,3,E4<>B4,0)} -> 3
A5: Ried | B5: Salzburg | C5: 2 | D5: 2 | E5: {=_xlfn.IFS(C5=D5, ,C5>D5,A5,D5>C5,B5)} -> 0 | F5: {=_xlfn.IFS(E5=0,1,E5=A5,3,E5<>A5,0)} -> 1 | G5: {=_xlfn.IFS(E5=0,1,E5=B5,3,E5<>B5,0)} -> 1
A6: Grazer AK | B6: Austria Vienna | C6: 2 | D6: 2 | E6: {=_xlfn.IFS(C6=D6, ,C6>D6,A6,D6>C6,B6)} -> 0 | F6: {=_xlfn.IFS(E6=0,1,E6=A6,3,E6<>A6,0)} -> 1 | G6: {=_xlfn.IFS(E6=0,1,E6=B6,3,E6<>B6,0)} -> 1
A7: SK Rapid | B7: BW Linz | C7: 1 | D7: 0 | E7: {=_xlfn.IFS(C7=D7, ,C7>D7,A7,D7>C7,B7)} -> SK Rapid | F7: {=_xlfn.IFS(E7=0,1,E7=A7,3,E7<>A7,0)} -> 3 | G7: {=_xlfn.IFS(E7=0,1,E7=B7,3,E7<>B7,0)} -> 0
A8: Altach | B8: Ried | C8: 1 | D8: 0 | E8: {=_xlfn.IFS(C8=D8, ,C8>D8,A8,D8>C8,B8)} -> Altach | F8: {=_xlfn.IFS(E8=0,1,E8=A8,3,E8<>A8,0)} -> 3 | G8: {=_xlfn.IFS(E8=0,1,E8=B8,3,E8<>B8,0)} -> 0
A9: BW Linz | B9: Hartberg | C9: 0 | D9: 1 | E9: {=_xlfn.IFS(C9=D9, ,C9>D9,A9,D9>C9,B9)} -> Hartberg | F9: {=_xlfn.IFS(E9=0,1,E9=A9,3,E9<>A9,0)} -> 0 | G9: {=_xlfn.IFS(E9=0,1,E9=B9,3,E9<>B9,0)} -> 3
A10: Salzburg | B10: Grazer AK | C10: 5 | D10: 0 | E10: {=_xlfn.IFS(C10=D10, ,C10>D10,A10,D10>C10,B10)} -> Salzburg | F10: {=_xlfn.IFS(E10=0,1,E10=A10,3,E10<>A10,0)} -> 3 | G10: {=_xlfn.IFS(E10=0,1,E10=B10,3,E10<>B10,0)} -> 0
A11: Austria Vienna | B11: Wolfsberger AC | C11: 0 | D11: 2 | E11: {=_xlfn.IFS(C11=D11, ,C11>D11,A11,D11>C11,B11)} -> Wolfsberger AC | F11: {=_xlfn.IFS(E11=0,1,E11=A11,3,E11<>A11,0)} -> 0 | G11: {=_xlfn.IFS(E11=0,1,E11=B11,3,E11<>B11,0)} -> 3
A12: Sturm Graz | B12: SK Rapid | C12: 1 | D12: 2 | E12: {=_xlfn.IFS(C12=D12, ,C12>D12,A12,D12>C12,B12)} -> SK Rapid | F12: {=_xlfn.IFS(E12=0,1,E12=A12,3,E12<>A12,0)} -> 0 | G12: {=_xlfn.IFS(E12=0,1,E12=B12,3,E12<>B12,0)} -> 3
A13: Tirol | B13: LASK | C13: 3 | D13: 1 | E13: {=_xlfn.IFS(C13=D13, ,C13>D13,A13,D13>C13,B13)} -> Tirol | F13: {=_xlfn.IFS(E13=0,1,E13=A13,3,E13<>A13,0)} -> 3 | G13: {=_xlfn.IFS(E13=0,1,E13=B13,3,E13<>B13,0)} -> 0
... A193: Sturm Graz | B193: SK Rapid | C193: 2 | D193: 0 | E193: {=_xlfn.IFS(C193=D193, ,C193>D193,A193,D193>C193,B193)} -> Sturm Graz | F193: {=_xlfn.IFS(E193=0,1,E193=A193,3,E193<>A193,0)} -> 3 | G193: {=_xlfn.IFS(E193=0,1,E193=B193,3,E193<>B193,0)} -> 0

Sheet meistegeschosseneToreproSpiel
A1: Mannschaften | B1: meiste geschossene Tore pro Spiel
A2: Sturm Graz | B2: =MAX(_xlfn.MAXIFS(Spiele!C:C,Spiele!A:A,A2),_xlfn.MAXIFS(Spiele!D:D,Spiele!B:B,A2)) -> 5
A3: Hartberg | B3: =MAX(_xlfn.MAXIFS(Spiele!C:C,Spiele!A:A,A3),_xlfn.MAXIFS(Spiele!D:D,Spiele!B:B,A3)) -> 3
A4: Altach | B4: =MAX(_xlfn.MAXIFS(Spiele!C:C,Spiele!A:A,A4),_xlfn.MAXIFS(Spiele!D:D,Spiele!B:B,A4)) -> 3
A5: Salzburg | B5: =MAX(_xlfn.MAXIFS(Spiele!C:C,Spiele!A:A,A5),_xlfn.MAXIFS(Spiele!D:D,Spiele!B:B,A5)) -> 5
A6: Austria Vienna | B6: =MAX(_xlfn.MAXIFS(Spiele!C:C,Spiele!A:A,A6),_xlfn.MAXIFS(Spiele!D:D,Spiele!B:B,A6)) -> 3
A7: BW Linz | B7: =MAX(_xlfn.MAXIFS(Spiele!C:C,Spiele!A:A,A7),_xlfn.MAXIFS(Spiele!D:D,Spiele!B:B,A7)) -> 5
A8: Ried | B8: =MAX(_xlfn.MAXIFS(Spiele!C:C,Spiele!A:A,A8),_xlfn.MAXIFS(Spiele!D:D,Spiele!B:B,A8)) -> 3
A9: Grazer AK | B9: =MAX(_xlfn.MAXIFS(Spiele!C:C,Spiele!A:A,A9),_xlfn.MAXIFS(Spiele!D:D,Spiele!B:B,A9)) -> 5
A10: Wolfsberger AC | B10: =MAX(_xlfn.MAXIFS(Spiele!C:C,Spiele!A:A,A10),_xlfn.MAXIFS(Spiele!D:D,Spiele!B:B,A10)) -> 4
A11: SK Rapid | B11: =MAX(_xlfn.MAXIFS(Spiele!C:C,Spiele!A:A,A11),_xlfn.MAXIFS(Spiele!D:D,Spiele!B:B,A11)) -> 4
A12: LASK | B12: =MAX(_xlfn.MAXIFS(Spiele!C:C,Spiele!A:A,A12),_xlfn.MAXIFS(Spiele!D:D,Spiele!B:B,A12)) -> 5
A13: Tirol | B13: =MAX(_xlfn.MAXIFS(Spiele!C:C,Spiele!A:A,A13),_xlfn.MAXIFS(Spiele!D:D,Spiele!B:B,A13)) -> 4

Sheet Tore nach Kalendertag
A3: Zeilenbeschriftungen | B3: Summe von HG | C3: Summe von AG | D3: Summe von Summe Tore
A4: 45870 | B4: 0 | C4: 2 | D4: 2
A5: 45871 | B5: 6 | C5: 6 | D5: 12
A6: 45872 | B6: 3 | C6: 2 | D6: 5
A7: 45878 | B7: 6 | C7: 1 | D7: 7
A8: 45879 | B8: 4 | C8: 5 | D8: 9
A9: 45885 | B9: 3 | C9: 6 | D9: 9
A10: 45886 | B10: 5 | C10: 1 | D10: 6
A11: 45892 | B11: 3 | C11: 2 | D11: 5
A12: 45893 | B12: 3 | C12: 6 | D12: 9
A13: 45899 | B13: 3 | C13: 8 | D13: 11
A14: 45900 | B14: 2 | C14: 2 | D14: 4
A15: 45913 | B15: 7 | C15: 1 | D15: 8
... A75: 46159 | B75: 3 | C75: 6 | D75: 9
A76: (Leer) | D76: 0
A77: Gesamtergebnis | B77: 273 | C77: 245 | D77: 518

Sheet Pivot Homepoints
A3: Homepoints von | B3: Gegner
A4: Mannschaften | B4: Altach | C4: Austria Vienna | D4: BW Linz | E4: Grazer AK | F4: Hartberg | G4: LASK | H4: Ried | I4: Salzburg | J4: SK Rapid | K4: Sturm Graz | L4: Tirol | M4: Wolfsberger AC | N4: Gesamtergebnis
A5: Altach | C5: 3 | D5: 6 | E5: 4 | F5: 1 | G5: 3 | H5: 6 | I5: 1 | J5: 1 | K5: 0 | L5: 2 | M5: 3 | N5: 30
A6: Austria Vienna | B6: 3 | D6: 0 | E6: 3 | F6: 3 | G6: 1 | H6: 3 | I6: 0 | J6: 4 | K6: 3 | L6: 1 | M6: 0 | N6: 21
A7: BW Linz | B7: 6 | C7: 0 | E7: 3 | F7: 0 | G7: 0 | H7: 3 | I7: 0 | J7: 1 | K7: 0 | L7: 3 | M7: 6 | N7: 22
A8: Grazer AK | B8: 4 | C8: 1 | D8: 6 | F8: 1 | G8: 0 | H8: 4 | I8: 1 | J8: 1 | K8: 0 | L8: 4 | M8: 3 | N8: 25
A9: LASK | B9: 3 | C9: 6 | D9: 3 | E9: 3 | F9: 2 | H9: 0 | I9: 3 | J9: 6 | K9: 1 | L9: 3 | M9: 3 | N9: 33
A10: Ried | B10: 6 | C10: 0 | D10: 6 | E10: 4 | F10: 0 | G10: 1 | I10: 1 | J10: 0 | K10: 0 | L10: 6 | M10: 3 | N10: 27
A11: Salzburg | B11: 1 | C11: 3 | D11: 1 | E11: 3 | F11: 1 | G11: 3 | H11: 3 | J11: 3 | K11: 1 | L11: 0 | M11: 3 | N11: 22
A12: Hartberg | B12: 1 | C12: 3 | D12: 1 | E12: 3 | G12: 1 | H12: 3 | I12: 0 | J12: 1 | K12: 0 | L12: 3 | M12: 1 | N12: 17
A13: SK Rapid | B13: 1 | C13: 0 | D13: 3 | E13: 0 | F13: 1 | G13: 3 | H13: 0 | I13: 6 | K13: 3 | L13: 3 | M13: 3 | N13: 23
A14: Sturm Graz | B14: 3 | C14: 1 | D14: 3 | E14: 3 | F14: 4 | G14: 1 | H14: 3 | I14: 2 | J14: 3 | L14: 0 | M14: 0 | N14: 23
A15: Tirol | B15: 1 | C15: 0 | D15: 4 | E15: 3 | F15: 3 | G15: 3 | H15: 4 | I15: 0 | J15: 1 | K15: 3 | M15: 4 | N15: 26
A16: Wolfsberger AC | B16: 1 | C16: 3 | D16: 4 | E16: 4 | F16: 0 | G16: 3 | H16: 1 | I16: 3 | J16: 0 | K16: 1 | L16: 4 | N16: 24
A17: Gesamtergebnis | B17: 30 | C17: 20 | D17: 37 | E17: 33 | F17: 16 | G17: 19 | H17: 30 | I17: 17 | J17: 21 | K17: 12 | L17: 29 | M17: 29 | N17: 293

Sheet Pivot Awaypoints
A3: Awaypoints von | B3: Gegner
A4: Mannschaften | B4: Altach | C4: Austria Vienna | D4: BW Linz | E4: Grazer AK | F4: Hartberg | G4: LASK | H4: Ried | I4: Salzburg | J4: SK Rapid | K4: Sturm Graz | L4: Tirol | M4: Wolfsberger AC | N4: Gesamtergebnis
A5: Altach | C5: 0 | D5: 0 | E5: 1 | F5: 1 | G5: 0 | H5: 0 | I5: 1 | J5: 1 | K5: 0 | L5: 4 | M5: 4 | N5: 12
A6: Austria Vienna | B6: 0 | D6: 3 | E6: 1 | F6: 3 | G6: 0 | H6: 3 | I6: 3 | J6: 6 | K6: 4 | L6: 3 | M6: 0 | N6: 26
A7: BW Linz | B7: 0 | C7: 3 | E7: 0 | F7: 1 | G7: 0 | H7: 0 | I7: 1 | J7: 0 | K7: 0 | L7: 1 | M7: 1 | N7: 7
A8: Grazer AK | B8: 1 | C8: 0 | D8: 3 | F8: 0 | G8: 0 | H8: 1 | I8: 0 | J8: 3 | K8: 0 | L8: 3 | M8: 1 | N8: 12
A9: Hartberg | B9: 1 | C9: 3 | D9: 3 | E9: 1 | G9: 2 | H9: 3 | I9: 4 | J9: 4 | K9: 1 | L9: 0 | M9: 3 | N9: 25
A10: LASK | B10: 0 | C10: 4 | D10: 3 | E10: 3 | F10: 4 | H10: 1 | I10: 3 | J10: 3 | K10: 4 | L10: 0 | M10: 0 | N10: 25
A11: Ried | B11: 0 | C11: 0 | D11: 3 | E11: 1 | F11: 0 | G11: 3 | I11: 0 | J11: 3 | K11: 0 | L11: 1 | M11: 4 | N11: 15
A12: Salzburg | B12: 1 | C12: 6 | D12: 3 | E12: 1 | F12: 6 | G12: 3 | H12: 1 | J12: 0 | K12: 2 | L12: 3 | M12: 0 | N12: 26
A13: SK Rapid | B13: 1 | C13: 1 | D13: 1 | E13: 1 | F13: 4 | G13: 0 | H13: 3 | I13: 3 | K13: 3 | L13: 1 | M13: 3 | N13: 21
A14: Sturm Graz | B14: 3 | C14: 3 | D14: 3 | E14: 3 | F14: 6 | G14: 4 | H14: 3 | I14: 4 | J14: 3 | L14: 0 | M14: 1 | N14: 33
A15: Tirol | B15: 2 | C15: 1 | D15: 3 | E15: 1 | F15: 0 | G15: 0 | H15: 0 | I15: 3 | J15: 0 | K15: 3 | M15: 1 | N15: 14
A16: Wolfsberger AC | B16: 3 | C16: 3 | D16: 0 | E16: 3 | F16: 1 | G16: 0 | H16: 3 | I16: 0 | J16: 0 | K16: 3 | L16: 1 | N16: 17
A17: Gesamtergebnis | B17: 12 | C17: 24 | D17: 25 | E17: 16 | F17: 26 | G17: 12 | H17: 18 | I17: 22 | J17: 23 | K17: 20 | L17: 17 | M17: 18 | N17: 233
